timestamp,temperature,humidity,pressure
2023-02-27 03:00:07,23.28000069,53.98632813,1023.512451
2023-02-27 03:30:09,23.15999985,54.92285156,1023.602112
2023-02-27 04:00:10,22.95999908,55.76757813,1023.402405
2023-02-27 04:30:12,22.78000069,56.62792969,1023.512024
2023-02-27 05:00:14,22.64999962,57.19921875,1023.31781
2023-02-27 05:30:16,22.53000069,58.33691406,1023.465027
2023-02-27 06:00:17,22.42000008,58.83007813,1023.495483
2023-02-27 06:33:40,22.35000038,59.38378906,1023.572815
2023-02-27 07:04:16,22.27000046,59.50976563,1023.819702
2023-02-27 07:32:56,22.20000076,59.73730469,1024.04187
2023-02-27 08:04:42,22.17000008,60.56738281,1024.300293
2023-02-27 08:36:07,22.18000031,60.69335938,1024.367554
2023-02-27 09:06:45,22.17000008,60.81542969,1024.430176
2023-02-27 09:34:20,22.18000031,60.56933594,1024.606689
2023-02-27 10:03:38,22.21999931,60.41699219,1024.560181
2023-02-27 10:32:39,22.11000061,59.65722656,1024.643311
2023-02-27 11:04:45,22.26000023,58.74023438,1024.655518
2023-02-27 12:00:54,22.54999924,57.70507813,1024.624878
2023-02-27 12:30:55,22.53000069,58.37011719,1024.24646
2023-02-27 13:00:56,22.61000061,60.98925781,1024.000488
2023-02-27 13:30:56,22.60000038,59.19238281,1023.81134
2023-02-27 14:00:58,22.73999977,62.15625,1023.822998
2023-02-27 14:30:00,22.60000038,60.59277344,1023.81311
2023-02-27 15:00:01,22.51000023,59.13574219,1023.624695
2023-02-27 15:30:03,22.40999985,59.15527344,1023.407959
2023-02-27 16:00:04,22.45999908,59.41113281,1023.284546
2023-02-27 16:30:06,22.59000015,56.99902344,1023.389587
2023-02-27 17:00:08,22.71999931,57.72851563,1023.366394
2023-02-27 17:30:10,22.63999939,55.875,1023.643738
2023-02-27 18:00:11,22.79999924,56.59765625,1024.032837
2023-02-27 18:30:13,23.03000069,57.80175781,1024.368164
2023-02-27 19:00:15,23.11000061,58.19726563,1024.63916
2023-02-27 19:30:17,23.20999908,57.33886719,1024.679077
2023-02-27 20:00:18,23.30999947,57.02246094,1024.920166
2023-02-27 20:30:20,23.32999992,56.29003906,1025.051758
2023-02-27 21:00:21,23.34000015,56.05371094,1025.317627
2023-02-27 21:30:22,23.44000053,55.99707031,1025.473145
2023-02-27 22:00:23,23.62000084,58.21777344,1025.568359
2023-02-27 22:30:25,23.69000053,57.26464844,1025.470337
2023-02-27 23:00:27,23.77000046,57.3984375,1025.632324
2023-02-27 23:30:29,23.67000008,55.51660156,1025.677979
2023-02-28 00:00:31,23.70999908,55.24902344,1025.549805
2023-02-28 00:30:02,23.67000008,55.04003906,1025.821533
2023-02-28 01:00:02,23.67000008,54.70019531,1025.808594
2023-02-28 01:30:04,23.78000069,57.16308594,1026.072754
2023-02-28 02:00:06,23.5,57.01269531,1025.807007
2023-02-28 02:30:07,23.37000084,57.81152344,1025.672241
2023-02-28 03:00:09,23.21999931,58.77636719,1025.702148
2023-02-28 03:30:11,23.12000084,59.84765625,1025.658325
2023-02-28 04:00:13,23.04999924,60.82128906,1025.682007
2023-02-28 04:30:14,22.95999908,61.06933594,1025.786621
2023-02-28 05:00:16,22.85000038,61.00976563,1025.964355
2023-02-28 05:30:17,22.78000069,61.44042969,1026.078735
2023-02-28 06:00:18,22.70000076,62.08496094,1026.238892
2023-02-28 06:30:19,22.70000076,61.82519531,1026.269165
2023-02-28 07:00:20,22.63999939,62.0078125,1026.386841
2023-02-28 07:30:21,22.54000092,62.37792969,1026.358643
2023-02-28 08:00:22,22.46999931,62.23242188,1026.425903
2023-02-28 08:30:24,22.54000092,63.86621094,1026.44458
2023-02-28 09:00:26,22.45000076,63.93164063,1026.223877
2023-02-28 09:30:28,22.39999962,62.99023438,1026.227295
2023-02-28 10:00:30,22.32999992,62.42675781,1026.379883
2023-02-28 10:30:32,22.22999954,62.00683594,1026.268921
2023-02-28 11:00:34,22.28000069,60.93261719,1026.026367
2023-02-28 11:30:36,22.27000046,60.9296875,1026.058472
2023-02-28 12:00:37,22.05999947,60.53027344,1025.797241
2023-02-28 12:30:40,21.35000038,47.29492188,1025.161987
2023-02-28 13:00:42,20.71999931,44.29296875,1024.551392
2023-02-28 13:30:44,20.35000038,44.28027344,1023.952759
2023-02-28 14:00:46,20.97999954,50.15722656,1023.737122
2023-02-28 14:30:48,21.28000069,51.09472656,1023.662659
2023-02-28 15:00:49,21.54000092,51.359375,1023.051697
2023-02-28 15:30:51,21.64999962,51.62109375,1022.997437
2023-02-28 16:00:53,21.70999908,50.81542969,1023.282471
2023-02-28 16:30:55,21.73999977,50.43457031,1023.214661
2023-02-28 17:00:57,21.70999908,50.34082031,1023.382446
2023-02-28 17:30:58,21.75,50.60546875,1023.708435
2023-02-28 18:00:59,21.57999992,47.06054688,1024.053223
2023-02-28 18:30:00,21.70000076,48.91601563,1024.092285
2023-02-28 19:00:01,21.67000008,49.97363281,1024.145508
2023-02-28 19:30:02,21.55999947,50.22265625,1024.359741
2023-02-28 20:00:03,21.52000046,50.89550781,1024.41333
2023-02-28 20:30:05,21.54000092,51.25878906,1024.562378
2023-02-28 21:00:07,21.57999992,51.58007813,1024.767456
2023-02-28 21:30:08,21.69000053,51.53710938,1024.901367
2023-02-28 22:00:10,21.79000092,51.15136719,1025.049072
2023-02-28 22:30:12,21.79999924,51.28808594,1025.009644
2023-02-28 23:00:14,21.92000008,51.50585938,1025.032959
2023-02-28 23:30:15,21.73999977,51.11328125,1025.093872
2023-03-01 00:00:17,22.06999969,58.08300781,1025.226929
2023-03-01 00:30:19,22.54000092,58.17871094,1025.327393
2023-03-01 01:00:20,22.51000023,58.265625,1025.33252
2023-03-01 01:30:21,22.43000031,58.06152344,1025.075317
2023-03-01 02:00:22,22.35000038,57.65722656,1024.88562
2023-03-01 02:30:24,22.23999977,57.98242188,1024.626953
2023-03-01 03:00:26,22.19000053,58.23535156,1024.293091
2023-03-01 03:30:28,22.15999985,58.49023438,1023.991394
2023-03-01 04:00:30,22.07999992,58.84082031,1023.777527
2023-03-01 04:30:32,22,59.04589844,1023.714111
2023-03-01 05:00:34,21.95999908,59.17480469,1023.498108
2023-03-01 05:30:35,21.88999939,59.68457031,1023.325012
2023-03-01 06:00:37,21.87999916,60.52832031,1023.219543
2023-03-01 06:30:41,21.86000061,60.2109375,1023.188538
2023-03-01 07:00:43,21.87999916,59.93066406,1023.530945
2023-03-01 07:30:45,21.85000038,60.12011719,1023.523132
2023-03-01 08:00:46,21.86000061,59.63476563,1023.473572
2023-03-01 08:30:47,21.84000015,61.01855469,1023.483521
2023-03-01 09:00:48,21.72999954,60.05761719,1023.212646
2023-03-01 09:30:49,21.68000031,60.30859375,1023.153442
2023-03-01 10:00:50,21.67000008,59.52050781,1022.81781
2023-03-01 10:30:51,21.68000031,58.92382813,1022.757019
2023-03-01 11:00:53,21.72999954,58.89746094,1022.409546
2023-03-01 12:56:21,21.37000084,52.60449219,1020.832825
2023-03-01 13:00:21,21.28000069,52.05371094,1020.675537
2023-03-01 13:30:24,21.04999924,51.21289063,1020.408264
2023-03-01 14:00:25,20.85000038,47.61523438,1019.956726
2023-03-01 14:30:26,21.07999992,50.1796875,1019.763916
2023-03-01 15:00:27,21.36000061,51.94921875,1019.504395
2023-03-01 15:30:29,21.5,51.89746094,1019.155151
2023-03-01 16:00:30,21.62999916,52.77050781,1018.688721
2023-03-01 16:30:31,21,44.671875,1018.416382
2023-03-01 17:00:32,21.13999939,48.640625,1018.235779
2023-03-01 17:30:33,21.38999939,48.92773438,1018.133423
2023-03-01 18:00:34,21.45000076,49.74707031,1018.405762
2023-03-01 18:30:35,21.52000046,49.93554688,1018.429504
2023-03-01 19:00:37,21.36000061,50.34667969,1018.39502
2023-03-01 19:30:39,21.34000015,51.47265625,1018.315796
2023-03-01 20:00:40,21.56999969,52.25585938,1018.22406
2023-03-01 20:30:41,21.68000031,52.54980469,1018.219788
2023-03-01 21:00:42,21.86000061,52.6171875,1018.235168
2023-03-01 21:30:43,21.79000092,52.74511719,1018.267212
2023-03-01 22:00:44,21.73999977,52.60253906,1018.392212
2023-03-01 22:30:45,21.92000008,54.22851563,1018.303467
2023-03-01 23:00:46,21.79000092,55.29589844,1018.476868
2023-03-01 23:30:47,21.95000076,54.29980469,1018.357971
2023-03-02 00:00:49,22.07999992,53.17382813,1018.187256
2023-03-02 00:30:51,22.15999985,53.13769531,1018.312012
2023-03-02 01:00:53,22.22999954,53.03320313,1018.310486
2023-03-02 01:30:55,22.29999924,52.82714844,1018.274048
2023-03-02 02:00:56,22.38999939,52.77050781,1018.280762
2023-03-02 02:30:58,22.29999924,53.64160156,1017.98291
2023-03-02 03:00:00,22.17000008,54.13378906,1017.896118
2023-03-02 03:30:02,22.04000092,55.06738281,1017.823181
2023-03-02 04:00:04,22,56.02148438,1017.928589
2023-03-02 04:30:05,21.90999985,57.48730469,1018.086731
2023-03-02 05:00:33,21.82999992,57.72558594,1018.095459
2023-03-02 05:30:34,21.75,57.7265625,1017.952515
2023-03-02 06:00:36,21.70000076,59.20800781,1017.943115
2023-03-02 06:30:38,21.70000076,59.96386719,1018.074524
2023-03-02 07:00:39,21.63999939,59.94335938,1018.140625
2023-03-02 07:30:40,21.52000046,59.42089844,1018.181152
2023-03-02 08:00:41,21.62999916,58.93945313,1018.094116
2023-03-02 08:30:43,21.45999908,58.73730469,1018.159668
2023-03-02 09:00:45,21.67000008,64.73242188,1018.279114
2023-03-02 09:30:47,21.75,59.046875,1018.406616
2023-03-02 10:00:49,21.70000076,58.50976563,1018.600098
2023-03-02 10:30:51,21.64999962,58.40136719,1018.65448
2023-03-02 11:00:53,21.85000038,57.90917969,1018.638123
2023-03-02 11:30:55,21.95999908,56.89648438,1018.581848
2023-03-02 12:00:55,21.68000031,59.24023438,1018.522522
2023-03-02 12:30:57,22.07999992,59.81152344,1018.383911
2023-03-02 13:00:59,22.13999939,58.87207031,1018.264221
2023-03-02 13:30:00,22.02000046,57.43359375,1018.121399
2023-03-02 14:00:03,22.03000069,56.20605469,1017.943115
2023-03-02 14:30:04,22.02000046,55.96679688,1017.864746
2023-03-02 15:00:06,22.12999916,55.32714844,1017.706116
2023-03-02 15:30:08,22.23999977,54.6953125,1017.46405
2023-03-02 16:00:10,22.26000023,54.59667969,1017.467529
2023-03-02 16:30:12,22.30999947,55.02050781,1017.415955
2023-03-02 17:00:13,22.32999992,54.79785156,1017.809998
2023-03-02 17:30:15,22.28000069,54.56542969,1018.19873
2023-03-02 18:00:16,22.26000023,54.3359375,1018.554138
2023-03-02 18:30:17,21.95999908,53.70214844,1018.872498
2023-03-02 19:00:18,21.71999931,53.83105469,1019.143616
2023-03-02 19:30:19,21.68000031,55.76660156,1019.403259
2023-03-02 20:00:20,21.68000031,58.76660156,1019.496826
2023-03-02 20:30:21,21.61000061,58.79101563,1019.741394
2023-03-02 21:00:22,21.79999924,57,1019.916016
2023-03-02 21:30:23,22.03000069,55.359375,1020.039673
2023-03-02 22:00:24,22.14999962,55.03613281,1020.01001
2023-03-02 22:30:26,22.26000023,54.81054688,1019.868652
2023-03-02 23:00:25,22.39999962,54.79394531,1019.800964
2023-03-02 23:30:26,22.45000076,53.58007813,1019.812988
2023-03-03 00:00:28,22.40999985,54.08398438,1019.856812
2023-03-03 00:30:30,22.47999954,53.70898438,1020.071716
2023-03-03 01:00:32,22.55999947,53.50292969,1020.196411
2023-03-03 01:30:34,22.56999969,53.66113281,1020.200806
2023-03-03 02:00:36,22.47999954,55.5390625,1020.341248
2023-03-03 02:30:37,22.55999947,55.60546875,1020.342041
2023-03-03 03:00:39,22.48999977,55.99316406,1020.413452
2023-03-03 03:30:41,22.29999924,56.24023438,1020.241089
2023-03-03 04:00:42,22.18000031,57.56835938,1020.407959
2023-03-03 04:30:43,22.21999931,57.91113281,1020.380798
2023-03-03 05:00:46,22.18000031,58.09863281,1020.411194
2023-03-03 05:30:48,22.03000069,59.33105469,1020.457947
2023-03-03 06:00:49,22.09000015,58.85351563,1020.456116
2023-03-03 06:30:51,21.84000015,58.97851563,1020.536255
2023-03-03 07:00:52,21.85000038,59.04785156,1020.659851
2023-03-03 07:30:54,21.71999931,59.45898438,1020.923889
2023-03-03 08:00:56,21.67000008,58.87695313,1021.201416
2023-03-03 08:30:58,21.63999939,59.15527344,1021.485596
2023-03-03 09:01:00,21.80999947,62.40039063,1021.495789
2023-03-03 09:30:01,21.67000008,61.29980469,1021.670654
2023-03-03 10:00:03,21.86000061,59.47753906,1021.818115
2023-03-03 10:30:05,21.73999977,59.13476563,1021.924683
2023-03-03 11:00:07,21.90999985,58.18652344,1022.057251
2023-03-03 11:30:09,21.82999992,58.38085938,1022.162659
2023-03-03 12:00:11,21.59000015,58.078125,1022.209534
2023-03-03 12:30:13,21.54999924,60.27050781,1022.065186
2023-03-03 13:00:15,21.98999977,62.53710938,1022.029236
2023-03-03 13:30:17,22.07999992,62.70800781,1021.851746
2023-03-03 14:00:19,21.96999931,61.50976563,1021.755005
2023-03-03 14:30:20,22.12000084,60.50488281,1021.678284
2023-03-03 15:00:22,22.34000015,59.5078125,1021.467834
2023-03-03 15:30:24,22.54999924,59.03710938,1021.169434
2023-03-03 16:00:26,22.59000015,57.86914063,1021.019226
2023-03-03 16:30:28,22.71999931,57.21972656,1021.062683
2023-03-03 17:00:29,22.68000031,57.51953125,1021.238586
2023-03-03 17:30:31,22.68000031,57.28222656,1021.428101
2023-03-03 18:00:33,22.68000031,57.58789063,1021.53125
2023-03-04 06:00:25,23.19000053,55.00390625,1022.715942
2023-03-04 06:30:27,22.92000008,55.53808594,1022.685486
2023-03-04 07:00:27,22.84000015,55.81054688,1022.841858
2023-03-04 07:30:32,22.70999908,56.21191406,1022.933411
2023-03-04 08:00:33,22.64999962,55.84277344,1023.046875
2023-03-04 08:30:34,22.60000038,56.42480469,1023.202942
2023-03-04 09:00:35,22.57999992,56.31933594,1023.134216
2023-03-04 09:30:36,22.52000046,56.46972656,1023.185486
2023-03-04 10:00:37,22.53000069,56.30273438,1023.179382
2023-03-04 10:30:38,22.52000046,55.53222656,1023.036316
2023-03-04 11:00:39,22.44000053,54.81054688,1022.955627
2023-03-04 11:30:40,22.40999985,54.51367188,1022.914246
2023-03-04 12:00:41,22.31999969,58.03710938,1022.404053
2023-03-04 12:30:42,22.37999916,59.87402344,1022.161255
2023-03-04 13:00:43,22.42000008,57.65527344,1021.858887
2023-03-04 13:30:44,21.38999939,43.27539063,1021.463196
2023-03-04 14:00:45,22.11000061,57.49121094,1021.289063
2023-03-04 14:30:47,22.10000038,56.45214844,1021.066772
2023-03-04 15:00:49,22.01000023,55.74023438,1020.753296
2023-03-04 15:30:51,21.88999939,55.38769531,1020.453491
2023-03-04 16:00:53,21.73999977,55.1875,1020.320007
2023-03-04 16:30:55,21.59000015,54.95507813,1020.296082
2023-03-04 17:00:57,21.28000069,55.59375,1020.279053
2023-03-04 17:30:58,21.53000069,55.73632813,1020.22937
2023-03-04 18:00:00,21.79999924,55.4765625,1020.204163
2023-03-04 18:30:03,21.79999924,56.41308594,1020.125305
2023-03-04 19:00:04,21.89999962,54.82324219,1019.872437
2023-03-04 19:30:06,22.04000092,54.99804688,1019.835754
2023-03-04 20:00:08,22.20999908,54.97460938,1019.860291
2023-03-04 20:30:09,22.03000069,55.23535156,1019.72052
2023-03-04 21:00:10,22.13999939,54.51367188,1019.682983
2023-03-04 21:30:12,22.20999908,54.43261719,1019.605957
2023-03-04 22:00:14,22.25,53.99707031,1019.543518
2023-03-04 22:30:19,22.39999962,53.82324219,1019.166382
2023-03-04 23:00:21,22.45999908,53.58203125,1018.947021
2023-03-04 23:30:22,22.47999954,53.58398438,1018.684509
2023-03-05 00:00:24,22.54000092,53.0703125,1018.351746
2023-03-05 00:30:26,22.62999916,52.69726563,1018.061279
2023-03-05 01:00:28,22.67000008,53.47070313,1017.895447
2023-03-05 01:30:30,22.70999908,53.4296875,1017.53717
2023-03-05 02:00:32,22.80999947,53.29492188,1017.201477
2023-03-05 02:30:33,22.86000061,52.99414063,1016.875061
2023-03-05 03:00:11,23.09000015,54.7890625,1016.51593
2023-03-05 03:30:12,23.04999924,55.59863281,1016.148254
2023-03-05 04:00:14,22.81999969,56.31640625,1015.767029
2023-03-05 04:30:18,22.79000092,56.4140625,1015.471008
2023-03-05 05:00:19,22.62000084,57.51171875,1015.150757
2023-03-05 05:30:21,22.54000092,58.15625,1014.844788
2023-03-05 06:00:22,22.59000015,58.31054688,1014.559204
2023-03-05 06:30:24,22.46999931,58.54199219,1014.32251
2023-03-05 07:00:27,22.37000084,59.00292969,1014.269836
2023-03-05 07:30:29,22.45999908,58.09082031,1014.16095
2023-03-05 08:00:30,22.32999992,58.75,1014.153992
2023-03-05 08:30:32,22.29999924,58.90429688,1013.940552
2023-03-05 09:00:34,22.27000046,58.77539063,1013.527832
2023-03-05 09:30:36,22.20999908,58.59765625,1013.196655
2023-03-05 10:00:38,22.15999985,58.99804688,1012.775452
2023-03-05 10:30:40,22.35000038,58.57128906,1012.427246
2023-03-05 11:00:42,22.12999916,59.48046875,1011.83252
2023-03-05 11:30:43,22.36000061,58.78710938,1011.503723
2023-03-05 12:00:45,22.20999908,56.8828125,1011.193604
2023-03-05 12:30:47,22.03000069,57.88769531,1010.578308
2023-03-05 13:00:48,21.92000008,57.51074219,1009.967529
2023-03-05 13:30:50,21.89999962,60.82324219,1009.438293
2023-03-05 14:00:52,20.20000076,37.40039063,1009.076904
2023-03-05 14:30:54,21.32999992,58.51757813,1008.592041
2023-03-05 15:00:56,21.73999977,58.32421875,1008.114685
2023-03-05 15:30:58,21.88999939,59.38085938,1007.766235
2023-03-05 16:00:59,20.86000061,48.29394531,1007.402649
2023-03-05 16:30:01,20.19000053,43.83496094,1006.921631
2023-03-05 17:00:03,20.96999931,58.109375,1006.528442
2023-03-05 17:30:04,21.78000069,59.35351563,1006.415466
2023-03-05 18:00:05,21.70000076,56.13085938,1006.104126
2023-03-05 18:30:07,22.02000046,56.84863281,1005.789978
2023-03-05 19:00:09,22.60000038,59.36230469,1005.624084
2023-03-05 19:30:11,22.81999969,59.9453125,1005.345459
2023-03-05 20:00:12,22.39999962,57.85644531,1005.183594
2023-03-05 20:30:14,22.56999969,58.46484375,1005.205139
2023-03-05 21:00:17,22.65999985,57.42675781,1005.084839
2023-03-05 21:30:19,22.69000053,56.6953125,1004.770325
2023-03-05 22:00:21,22.57999992,57.08789063,1004.50531
2023-03-05 22:30:22,22.70000076,56.50585938,1004.213501
2023-03-05 23:00:23,22.73999977,56.74804688,1003.846069
2023-03-05 23:30:24,22.96999931,59.81738281,1003.772339
2023-03-06 00:00:25,23.17000008,57.84277344,1003.532654
2023-03-06 00:30:26,23.19000053,56.77050781,1003.207275
2023-03-06 01:00:28,23.26000023,56.99414063,1002.901978
2023-03-06 01:30:30,23.34000015,56.484375,1002.845337
2023-03-06 02:00:31,23.45999908,55.6484375,1002.511475
2023-03-06 02:30:32,23.51000023,56.43652344,1002.096741
2023-03-06 03:00:33,23.29999924,57.41894531,1001.758606
2023-03-06 03:30:35,23.10000038,58.45605469,1001.327087
2023-03-06 04:00:37,23.06999969,58.77832031,1001.0672
2023-03-06 04:30:37,22.95999908,59.38574219,1000.758301
2023-03-06 05:00:38,22.89999962,59.1640625,1000.288879
2023-03-06 05:30:40,23.02000046,59.12304688,999.9099731
2023-03-06 06:00:42,22.87000084,59.375,999.732666
2023-03-06 06:30:42,22.79000092,59.99609375,999.4107666
2023-03-06 07:00:43,22.72999954,60.51953125,999.2644043
2023-03-06 07:30:45,22.81999969,60.30566406,998.9456177
2023-03-06 08:00:46,22.79999924,60.7890625,998.8486938
2023-03-06 08:30:46,22.70000076,60.77539063,998.7595215
2023-03-06 09:00:48,22.70000076,67.93652344,998.6420288
2023-03-06 09:30:50,22.97999954,61.37695313,998.4335938
2023-03-06 10:00:52,22.84000015,61.30078125,998.147522
2023-03-06 10:30:53,22.73999977,60.48730469,997.9420166
2023-03-06 11:00:55,22.70000076,60.76464844,997.7087402
2023-03-06 11:30:57,22.54999924,60.5859375,997.4470215
2023-03-06 12:00:59,22.68000031,60.43457031,997.1691284
2023-03-06 12:30:01,22.39999962,58.40917969,996.7313232
2023-03-06 13:00:03,21.17000008,45.55859375,996.2597046
2023-03-06 13:30:04,20.17000008,44.4765625,995.9870605
2023-03-06 14:00:06,19.62000084,42.640625,995.7779541
2023-03-06 14:30:08,20.19000053,55.97460938,995.5595093
2023-03-06 15:00:10,20.93000031,54.91894531,995.2704468
2023-03-06 15:30:12,21.40999985,54.42480469,995.1484375
2023-03-06 16:00:14,21.92000008,55.3671875,994.8120117
2023-03-06 16:30:17,22.06999969,54.82128906,994.6066895
2023-03-06 17:00:19,22.35000038,54.16699219,994.666748
2023-03-06 17:30:21,22.36000061,54.5859375,994.7572021
2023-03-06 18:00:23,22.12999916,55.22460938,994.6901855
2023-03-06 18:30:25,22.17000008,56.78808594,994.7718506
2023-03-06 19:00:27,22.39999962,57.37109375,994.5916138
2023-03-06 19:30:28,22.40999985,56.93261719,994.3664551
2023-03-06 20:00:30,22.30999947,55.32617188,994.2668457
2023-03-06 20:30:31,22.56999969,58.578125,993.9620361
2023-03-06 21:00:39,22.72999954,57.02929688,993.810791
2023-03-06 21:30:40,22.76000023,56.38671875,993.7723389
2023-03-06 22:00:43,22.87999916,55.87207031,993.6096802
2023-03-06 22:30:44,22.78000069,56.04003906,993.4737549
2023-03-06 23:00:46,22.85000038,55.73242188,993.1662598
2023-03-06 23:30:48,22.89999962,55.12792969,992.9578247
2023-03-07 00:00:50,22.94000053,55.06445313,992.8140869
2023-03-07 00:30:52,22.95999908,54.88671875,992.661499
2023-03-07 01:00:54,22.90999985,55.19628906,992.6120605
2023-03-07 01:30:55,23.15999985,55.36328125,992.6901855
2023-03-07 02:00:57,23.15999985,57.09472656,992.3988037
2023-03-07 02:30:59,23.22999954,57.03613281,992.2860107
2023-03-07 03:00:00,23.27000046,57.22167969,992.1366577
2023-03-07 03:30:02,23.38999939,57.23730469,991.9625244
2023-03-07 04:00:04,23.44000053,56.59863281,991.8166504
2023-03-07 04:30:06,23.32999992,57.89746094,991.6383057
2023-03-07 05:00:07,23.17000008,59.12109375,991.4576416
2023-03-07 05:30:08,23.12999916,59.00195313,991.3462524
2023-03-07 06:00:10,23.03000069,59.28417969,991.2683105
2023-03-07 06:30:11,23,60.23925781,991.3548584
2023-03-07 07:00:13,22.98999977,60.09082031,991.3995361
2023-03-07 07:30:15,22.79999924,60.20214844,991.5390625
2023-03-07 08:00:17,22.71999931,59.61425781,991.6630249
2023-03-07 08:30:20,22.92000008,64.66503906,991.8604126
2023-03-07 09:00:22,21.29000092,51.45507813,991.7572021
2023-03-07 09:30:24,19.64999962,41.2578125,991.8656006
2023-03-07 10:00:25,19.20000076,50.92285156,991.8771973
2023-03-07 10:30:27,18.39999962,43.91796875,991.8939209
2023-03-07 11:00:29,18.14999962,43.45410156,991.84375
2023-03-07 11:30:31,18.70000076,52.03125,991.9243774
2023-03-07 12:00:33,19.79999924,54.10546875,992.123291
2023-03-07 12:30:34,21.10000038,51.21972656,992.279541
2023-03-07 13:00:36,21.56999969,50.1328125,992.5845337
2023-03-07 13:30:38,21.96999931,51.08203125,992.3720093
2023-03-07 14:00:40,22.19000053,50.44042969,992.4632568
2023-03-07 14:30:42,22.31999969,49.53808594,992.5429688
2023-03-07 15:00:43,21.86000061,51.75976563,992.5098267
2023-03-07 15:30:45,21.68000031,51.60253906,992.5473633
2023-03-07 16:00:47,21.56999969,52.17773438,992.5395508
2023-03-07 16:30:49,21.56999969,51.81542969,992.644043
2023-03-07 17:00:51,21.63999939,51.31640625,992.7191162
2023-03-07 17:30:53,21.53000069,51.75390625,992.7703247
2023-03-07 18:00:54,21.52000046,52.20410156,992.7949219
2023-03-07 18:30:56,21.62000084,53.4140625,992.8139648
2023-03-07 19:00:58,21.59000015,54.14257813,992.7296753
2023-03-07 19:30:00,22.30999947,54.12890625,992.6500854
2023-03-07 20:00:02,23.04000092,52.32714844,992.5685425
2023-03-07 20:30:03,23,53.63476563,992.3604126
2023-03-07 21:00:05,23.10000038,52.43554688,992.3237305
2023-03-07 21:30:07,23.06999969,52.38574219,991.8308716
2023-03-07 22:00:09,23.11000061,52.62890625,991.8011475
2023-03-07 22:30:11,23.11000061,52.79882813,991.5829468
2023-03-07 23:00:13,23.12000084,54.49707031,990.9749756
2023-03-07 23:30:15,23.10000038,54.82324219,990.2599487
2023-03-08 00:00:16,23.10000038,53.84960938,989.8059082
2023-03-08 00:30:19,23.05999947,53.59765625,989.3945313
2023-03-08 01:00:21,23.12999916,53.63867188,988.87854
2023-03-08 01:30:23,23.22999954,54.60253906,988.2585449
2023-03-08 02:00:25,23.26000023,59.83300781,987.6777344
2023-03-08 02:30:27,23.09000015,60.12597656,987.0915527
2023-03-08 03:00:29,23.21999931,60.01953125,986.5432739
2023-03-08 03:30:31,23.17000008,60.60058594,985.8948364
2023-03-08 04:00:32,23.14999962,60.59667969,985.5948486
2023-03-08 04:30:34,23.02000046,60.19628906,985.2507324
2023-03-08 05:00:36,22.94000053,60.93066406,984.9102173
2023-03-08 05:30:36,22.81999969,63.11621094,984.4821777
2023-03-08 06:00:37,22.76000023,61.49316406,983.960144
2023-03-08 06:30:38,22.52000046,62.39648438,983.6271973
2023-03-08 07:00:39,22.54000092,61.36230469,983.8446045
2023-03-08 07:30:40,22.39999962,61.70410156,983.7792358
2023-03-08 08:00:41,22.35000038,62.04589844,983.5631104
2023-03-08 08:30:43,22.20999908,61.93652344,983.6560669
2023-03-08 09:00:44,22.31999969,66.95507813,983.5615845
2023-03-08 09:30:46,22.14999962,62.68457031,983.4709473
2023-03-08 10:00:48,22.04000092,61.84667969,983.6281738
2023-03-08 10:30:50,22.12000084,60.70703125,983.3128052
2023-03-08 11:00:52,21.88999939,60.66601563,983.3953247
2023-03-08 11:30:54,21.94000053,59.92773438,983.3161011
2023-03-08 12:00:56,21.79000092,59.87304688,983.453125
2023-03-08 12:30:57,21.72999954,59.47265625,983.3322144
2023-03-08 13:01:04,21.69000053,59.859375,983.0353394
2023-03-08 13:30:06,21.79999924,59.81835938,982.9157715
2023-03-08 14:00:08,21.68000031,58.13574219,982.6210327
2023-03-08 14:30:10,21.87000084,66.16699219,982.3562622
2023-03-08 15:00:12,21.60000038,63.96875,981.9290771
2023-03-08 15:30:14,21.80999947,61.703125,981.8074341
2023-03-08 16:00:15,21.89999962,60.3515625,981.8797607
2023-03-08 16:30:17,21.96999931,59.64941406,981.821106
2023-03-08 17:00:22,21.73999977,59.92285156,981.6925659
2023-03-08 17:30:24,21.70999908,58.60253906,981.8275146
2023-03-08 18:00:25,21.79000092,58.91601563,981.8110962
2023-03-08 18:30:27,21.67000008,59.70019531,981.8018799
2023-03-08 19:00:29,21.79999924,59.60351563,981.9317017
2023-03-08 19:30:31,21.67000008,59.44140625,982.0534668
2023-03-08 20:00:31,21.65999985,60.10449219,981.9921265
2023-03-08 20:30:32,21.57999992,60.13867188,982.227356
2023-03-08 21:00:33,22.30999947,59.29980469,982.8347168
2023-03-08 21:30:34,22.98999977,57.09570313,983.0602417
2023-03-08 22:00:35,23.36000061,56.56445313,982.9378052
2023-03-08 22:30:36,23.5,55.34863281,983.0770264
2023-03-08 23:00:37,23.37999916,54.92578125,983.1740723
2023-03-08 23:30:38,23.07999992,55.26367188,983.9165649
2023-03-09 00:00:39,23.04999924,55.28125,984.1994629
2023-03-09 00:30:40,22.95000076,54.88378906,984.1947021
2023-03-09 01:00:41,22.82999992,54.8125,984.545166
2023-03-09 01:30:43,22.81999969,54.74511719,985.1724854
2023-03-09 02:00:45,22.88999939,55.78320313,985.18396
2023-03-09 02:30:46,22.64999962,56.28222656,985.5923462
2023-03-09 03:00:48,22.67000008,58.06054688,985.8459473
2023-03-09 03:30:50,23.23999977,56.77636719,986.2478027
2023-03-09 04:00:52,22.97999954,58.08886719,986.2749023
2023-03-09 04:30:54,22.85000038,58.52441406,986.44104
2023-03-09 05:00:56,22.63999939,58.82519531,986.7363892
2023-03-09 05:30:57,22.51000023,60.19628906,986.5359497
2023-03-09 06:00:59,22.48999977,60.53222656,986.5928345
2023-03-09 06:30:01,22.31999969,60.82421875,986.4675293
2023-03-09 07:00:02,22.29999924,61.82519531,986.3845825
2023-03-09 07:30:04,22.25,62.86816406,986.1781006
2023-03-09 08:00:06,22.26000023,62.86816406,986.1849365
2023-03-09 08:30:08,22.17000008,61.89941406,985.991272
2023-03-09 09:00:09,22.04999924,65.92480469,985.8517456
2023-03-09 09:30:09,22.13999939,63.55078125,985.8220215
2023-03-09 10:00:10,22.06999969,62.98730469,985.4901733
2023-03-09 10:30:12,22.13999939,62.23242188,985.0803223
2023-03-09 11:00:14,21.96999931,61.53222656,984.8379517
2023-03-09 11:30:16,22.05999947,61.20703125,984.4541626
2023-03-09 12:00:18,22.01000023,60.34375,984.2904053
2023-03-09 12:30:23,21.95999908,58.93847656,984.0797119
2023-03-09 13:00:24,21.95000076,67.65234375,983.4840698
2023-03-09 13:30:25,22.5,67.2734375,983.0603027
2023-03-09 14:00:26,22.62000084,64.41894531,982.6856079
2023-03-09 14:30:27,22.62999916,63.29296875,982.2282715
2023-03-09 15:00:28,23.01000023,62.53222656,981.8556519
2023-03-09 15:30:29,22.98999977,61.28710938,981.4586792
2023-03-09 16:00:30,21.39999962,50.39648438,981.1339111
2023-03-09 16:30:31,20.29999924,53.14355469,980.5964355
2023-03-09 17:00:32,20.95000076,63.05566406,980.279541
2023-03-09 17:30:33,21.44000053,61.94335938,979.7340698
2023-03-09 18:00:35,21.61000061,60.70605469,979.4431763
2023-03-09 18:30:37,21.95999908,59.99804688,979.1779785
2023-03-09 19:00:39,21.90999985,60.44238281,978.7762451
2023-03-09 19:30:41,22.20000076,61.11230469,978.0783081
2023-03-09 20:00:42,22.52000046,60.39941406,977.7316895
2023-03-09 20:30:45,22.54000092,59.71484375,977.204834
2023-03-09 21:00:46,22.63999939,59.10546875,976.9390869
2023-03-09 21:30:48,22.64999962,58.99414063,976.5218506
2023-03-09 22:00:50,22.68000031,58.96679688,976.1218872
2023-03-09 22:30:52,22.80999947,58.33789063,975.6268921
2023-03-09 23:00:54,22.78000069,58.390625,975.1364136
2023-03-09 23:30:56,23.90999985,57.31445313,974.7241211
2023-03-10 00:00:57,23.57999992,56.7734375,974.5148315
2023-03-10 00:30:59,23.37999916,57.63183594,974.2514648
2023-03-10 01:00:01,23.42000008,57.3984375,974.1087646
2023-03-10 01:30:03,23.05999947,56.234375,974.3329468
2023-03-10 02:00:05,22.95000076,56.78417969,974.4870605
2023-03-10 02:30:06,23.14999962,56.93457031,974.5776367
2023-03-10 03:00:09,23.26000023,57.19726563,974.7132568
2023-03-10 03:30:10,23.36000061,56.88085938,975.182373
2023-03-10 04:00:12,23.10000038,57.40332031,976.1340332
2023-03-10 04:30:14,23.01000023,58.48925781,976.6983032
2023-03-10 05:00:16,23.04000092,58.91210938,977.5050049
2023-03-10 05:30:18,22.79000092,60.37988281,978.0914307
2023-03-10 06:00:20,22.81999969,60.0234375,979.1126709
2023-03-10 06:30:22,22.57999992,60.5,980.2232056
2023-03-10 07:00:24,22.42000008,61.25585938,981.935791
2023-03-10 07:30:26,22.47999954,61.18554688,983.3765869
2023-03-10 08:00:28,22.30999947,61.11621094,984.9990845
2023-03-10 08:30:30,22.26000023,59.92578125,986.510498
2023-03-10 09:00:31,21.86000061,60.02929688,988.390625
2023-03-10 09:30:32,22.04000092,68.70214844,989.5761108
2023-03-10 10:00:32,22.07999992,67.62792969,990.8467407
2023-03-10 10:30:33,22.18000031,64.77246094,992.222168
2023-03-10 11:00:35,22.04999924,63.85253906,993.28302
2023-03-10 11:30:37,21.94000053,62.80078125,993.3873291
2023-03-10 12:00:39,21.93000031,60.80566406,994.6828003
2023-03-10 12:30:41,21.87999916,58.8046875,995.954834
2023-03-10 13:00:43,21.90999985,64.22753906,996.522583
2023-03-10 13:30:45,21.75,62.75292969,996.9140625
2023-03-10 14:00:47,21.82999992,62.80957031,997.6188354
2023-03-10 14:30:48,21.73999977,62.61523438,998.362793
2023-03-10 15:00:50,22.04999924,61.52050781,998.5184937
2023-03-10 15:30:51,22.18000031,60.60253906,998.6546631
2023-03-10 16:00:53,22.29999924,59.29882813,999.1774902
2023-03-10 16:30:55,22.76000023,56.96386719,999.2279663
2023-03-10 17:00:57,23.32999992,56.58496094,999.4645996
2023-03-10 17:30:59,23.75,55.49414063,1000.059082
2023-03-10 18:00:00,24.42000008,54.03222656,1000.097961
2023-03-10 18:30:02,24.34000015,56.21191406,1000.246887
2023-03-10 19:00:04,24.12999916,54.83691406,1000.871704
2023-03-10 19:30:11,24.45000076,54.12597656,1000.779602
2023-03-10 20:00:13,24.90999985,54.40917969,1001.437134
2023-03-10 20:30:14,24.39999962,52.00683594,1001.530762
2023-03-10 21:00:15,24.56999969,53.35644531,1001.441467
2023-03-10 21:30:16,24.72999954,52.61425781,1001.687195
2023-03-10 22:00:17,24.45000076,52.421875,1001.57251
2023-03-10 22:30:19,24.09000015,52.90234375,1001.990479
2023-03-10 23:00:19,24.12999916,52.93066406,1001.81781
2023-03-10 23:30:20,24.18000031,52.82128906,1001.770325
2023-03-11 00:00:22,24.10000038,52.99414063,1001.95282
2023-03-11 00:30:24,23.95999908,52.91015625,1002.039673
2023-03-11 01:00:26,24.02000046,52.984375,1001.99408
2023-03-11 01:30:28,23.87000084,52.97753906,1001.866394
2023-03-11 02:00:30,23.65999985,52.35253906,1001.915161
2023-03-11 02:30:32,23.86000061,53.11328125,1001.471558
2023-03-11 03:00:35,23.47999954,54.55273438,1001.484375
2023-03-11 03:30:37,23.21999931,55.49414063,1001.247986
2023-03-11 04:00:39,23.27000046,55.3203125,1001.268127
2023-03-11 04:30:40,23.18000031,56.25976563,1001.584839
2023-03-11 05:00:42,23.02000046,57.76660156,1001.588135
2023-03-11 05:30:44,22.90999985,58.08007813,1002.090027
2023-03-11 06:00:46,22.88999939,57.43359375,1002.054993
2023-03-11 06:30:48,22.69000053,58.1640625,1002.247864
2023-03-11 07:00:50,22.59000015,58.50097656,1002.577942
2023-03-11 07:30:52,22.63999939,58.56347656,1002.322815
2023-03-11 08:00:54,22.55999947,58.52050781,1002.635925
2023-03-11 08:30:56,22.53000069,58.25683594,1002.380371
2023-03-11 09:00:57,22.45000076,58.2578125,1002.940063
2023-03-11 09:30:59,22.54999924,57.73828125,1002.684387
2023-03-11 10:00:01,22.5,57.98144531,1002.499084
2023-03-11 10:30:03,22.36000061,58.68652344,1002.372681
2023-03-11 11:00:05,22.19000053,58.74316406,1002.126099
2023-03-11 11:30:07,22.07999992,56.4375,1001.928772
2023-03-11 12:00:09,22.13999939,57.33789063,1001.869507
2023-03-11 12:30:11,21.75,56.05761719,1001.674683
2023-03-11 13:00:13,22.07999992,60.171875,1001.469543
2023-03-11 13:30:14,21.93000031,59.49804688,1001.122498
2023-03-11 14:00:16,22.03000069,57.6953125,1000.44165
2023-03-11 14:30:18,22.14999962,57.90332031,1000.473755
2023-03-11 15:00:19,22.54000092,57.13964844,1000.291931
2023-03-11 15:30:21,22.81999969,56.37402344,999.9885254
2023-03-11 16:00:26,22.62999916,54.39355469,999.930603
2023-03-11 16:30:28,22.52000046,53.24804688,1000.228882
2023-03-11 17:00:30,22.79999924,56.16699219,1000.282837
2023-03-11 17:30:31,22.96999931,55.38574219,1000.12439
2023-03-11 18:00:33,22.80999947,54.64160156,1000.275146
2023-03-11 18:30:35,23.32999992,58.40625,1000.228577
2023-03-11 19:00:36,22.98999977,57.96679688,999.8591919
2023-03-11 19:30:38,23.20000076,56.5234375,999.3987427
2023-03-11 20:00:40,24.13999939,55.88183594,999.2064209
2023-03-11 20:30:42,23.71999931,54.33300781,999.0401611
2023-03-11 21:00:43,23.73999977,54.72070313,998.699585
2023-03-11 21:30:45,23.93000031,54.42578125,998.6296997
2023-03-11 22:00:47,23.87000084,54.16894531,998.3253174
2023-03-11 22:30:49,23.92000008,54.34472656,998.1065063
2023-03-11 23:00:51,23.94000053,53.83691406,997.5859985
2023-03-11 23:30:53,23.95999908,53.30664063,997.5429688
2023-03-12 00:00:57,24.02000046,53.31445313,997.6018066
2023-03-12 00:30:59,23.97999954,53.68359375,997.5413818
2023-03-12 01:00:01,24.01000023,53.4375,997.680542
2023-03-12 01:30:02,24.03000069,53.49609375,997.5753174
2023-03-12 02:00:04,24.09000015,53.15234375,997.6182251
2023-03-12 02:30:06,24.14999962,53.99804688,997.6419678
2023-03-12 03:00:12,23.95999908,54.95214844,997.6156006
2023-03-12 03:30:14,23.77000046,55.84570313,997.7391968
2023-03-12 04:00:15,23.52000046,56.88085938,998.5767822
2023-03-12 04:30:17,23.65999985,57.47460938,998.6856079
2023-03-12 05:00:19,23.60000038,57.95507813,999.048584
2023-03-12 05:30:20,23.62999916,57.69921875,999.3822021
2023-03-12 06:00:22,23.53000069,58.21679688,999.1617432
2023-03-12 06:30:27,23.56999969,57.79101563,999.4157715
2023-03-12 07:00:29,23.43000031,58.38476563,999.7670288
2023-03-12 07:30:31,23.45000076,58.52441406,999.7895508
2023-03-12 08:00:33,23.54999924,58.20800781,1000.076172
2023-03-12 08:30:34,23.52000046,58.4765625,1000.091064
2023-03-12 09:00:36,23.52000046,59.14453125,1000.232788
2023-03-12 09:30:38,23.37000084,59.29296875,1000.213684
2023-03-12 10:00:38,23.18000031,59.70898438,999.888855
2023-03-12 10:30:39,23.10000038,57.65234375,999.5786133
2023-03-12 11:00:40,23.19000053,57.91210938,999.5048218
2023-03-12 11:30:41,23.28000069,57.83398438,999.3529053
2023-03-12 12:00:42,23,55.68261719,999.022522
2023-03-12 12:30:42,23.13999939,60.0546875,998.7701416
2023-03-12 13:00:43,23.47999954,61.07324219,998.6123657
2023-03-12 13:30:45,23.93000031,61.92675781,998.2153931
2023-03-12 14:00:47,24.11000061,60.36425781,997.7902832
2023-03-12 14:30:49,24.01000023,59.11816406,997.5010986
2023-03-12 15:00:51,24.02000046,58.95996094,997.3774414
2023-03-12 15:30:53,24.28000069,57.97363281,996.725647
2023-03-12 16:00:54,24.10000038,57.03222656,996.4143066
2023-03-12 16:30:56,24.44000053,55.75976563,996.045166
2023-03-12 17:00:57,24.48999977,56.49316406,995.5568848
2023-03-12 17:30:59,24.43000031,56.81542969,994.8684082
2023-03-12 18:00:00,24.29999924,57.04589844,994.4238892
2023-03-12 18:30:02,24.5,56.06152344,993.9389038
2023-03-12 19:00:04,24.59000015,55.60742188,993.6328735
2023-03-12 19:30:06,24.75,55.26464844,992.4872437
2023-03-12 20:00:07,24.67000008,55.00488281,991.7498169
2023-03-12 20:30:09,24.51000023,56.56347656,991.1478882
2023-03-12 21:00:11,24.57999992,55.140625,990.1619263
2023-03-12 21:30:13,24.45000076,56.703125,989.7232666
2023-03-12 22:00:15,24.67000008,54.35546875,988.9951782
2023-03-12 22:30:16,24.70000076,53.92871094,988.0245361
2023-03-12 23:00:18,24.57999992,54.05078125,987.7611694
2023-03-12 23:30:19,24.52000046,53.23730469,987.3862305
2023-03-13 00:00:20,24.44000053,53.125,986.692627
2023-03-13 00:30:21,24.37000084,52.80957031,986.0604858
2023-03-13 01:00:23,24.43000031,52.55664063,985.8944702
2023-03-13 01:30:29,24.46999931,53.09472656,985.5866699
2023-03-13 02:00:31,24.40999985,52.67871094,984.9989014
2023-03-13 02:30:32,24.38999939,52.35742188,984.3962402
2023-03-13 03:00:36,24.40999985,52.21289063,983.8135986
2023-03-13 03:30:38,24.39999962,51.52929688,983.3996582
2023-03-13 04:00:40,24.29999924,50.68945313,983.1070557
2023-03-13 04:30:42,24.42000008,51.81640625,982.8800659
2023-03-13 05:00:43,24.30999947,51.16894531,982.5568848
2023-03-13 05:30:45,24.04000092,51.8984375,982.5621948
2023-03-13 06:00:47,23.60000038,52.87890625,982.1931152
2023-03-13 06:30:49,23.46999931,52.98828125,981.9193115
2023-03-13 07:00:51,23.37000084,53.0546875,981.4313354
2023-03-13 07:30:53,23.20000076,52.83203125,981.1271973
2023-03-13 08:00:55,23.03000069,52.25683594,981.0039063
2023-03-13 08:30:57,22.70999908,51.60742188,980.7926025
2023-03-13 09:00:59,22.67000008,57.32617188,980.4068604
2023-03-13 09:30:01,22.86000061,56.96484375,981.1085815
2023-03-13 10:00:03,22.87999916,55.01074219,981.2739258
2023-03-13 10:30:04,22.69000053,50.92675781,980.9569702
2023-03-13 11:00:06,22.75,51.79394531,981.1144409
2023-03-13 11:30:08,22.82999992,51.38378906,980.753418
2023-03-13 12:00:10,22.67000008,48.05859375,980.8289795
2023-03-13 12:30:12,22.59000015,49.87402344,980.5197144
2023-03-13 13:00:13,22.75,48.58886719,980.3716431
2023-03-13 13:30:15,22.44000053,45.93847656,980.4401855
2023-03-13 14:00:16,22.85000038,48.1015625,980.0036011
2023-03-13 14:30:17,23.12999916,46.79296875,979.6766968
2023-03-13 15:00:18,23.25,45.98632813,979.5282593
2023-03-13 15:30:20,23.42000008,45.55078125,979.229248
2023-03-13 16:00:22,23.38999939,44.75292969,978.508606
2023-03-13 16:30:23,23.32999992,44.61035156,978.1601563
2023-03-13 17:00:25,23.30999947,44.51757813,978.0098267
2023-03-13 17:30:26,23.29000092,45.54882813,977.5654907
2023-03-13 18:00:30,23.22999954,48.19726563,977.5606079
2023-03-13 18:30:32,22.64999962,47.18457031,977.6221924
2023-03-13 19:00:34,23.23999977,48.43652344,977.5379639
2023-03-13 19:30:35,23.59000015,49.3046875,977.703125
2023-03-13 20:00:36,23.84000015,49.25195313,977.7006226
2023-03-13 20:30:38,23.87999916,49.0078125,977.4815674
2023-03-13 21:00:40,23.73999977,49.53613281,977.7335815
2023-03-13 21:30:42,23.94000053,49.26269531,977.6344604
2023-03-13 22:00:44,24.04999924,48.82128906,977.5859985
2023-03-13 22:30:45,23.95999908,49.09472656,977.4946899
2023-03-13 23:00:46,23.97999954,48.98339844,977.7438965
2023-03-13 23:30:46,24.03000069,48.20507813,977.9157715
2023-03-14 00:00:48,23.93000031,47.71679688,979.154541
2023-03-14 00:30:50,23.94000053,48.27441406,979.9824829
2023-03-14 01:00:52,23.98999977,49.67871094,980.9951782
2023-03-14 01:30:54,24.15999985,49.71875,982.0307617
2023-03-14 02:00:56,24.26000023,50.1953125,982.7683105
2023-03-14 02:30:57,24.37000084,50.52636719,983.4015503
2023-03-14 03:00:59,24.37999916,50.75585938,983.8114014
2023-03-14 03:30:00,24.25,51.22851563,984.850647
2023-03-14 04:00:02,24.01000023,51.70117188,985.4604492
2023-03-14 04:30:04,23.86000061,53.81640625,986.2070313
2023-03-14 05:00:06,23.93000031,53.96191406,986.6339722
2023-03-14 05:30:07,23.93000031,55.08398438,987.293457
2023-03-14 06:00:08,23.87000084,55.9609375,988.041748
2023-03-14 06:30:09,23.82999992,55.60351563,989.1553345
2023-03-14 07:00:11,23.75,55.58300781,990.2203979
2023-03-14 07:30:13,23.62999916,55.953125,991.4608765
2023-03-14 08:00:15,23.55999947,55.43554688,992.7717285
2023-03-14 08:30:17,23.42000008,55.06738281,993.9035645
2023-03-14 09:00:19,23.36000061,61.66699219,995.12854
2023-03-14 09:30:20,23.37999916,60.32421875,995.8518066
2023-03-14 10:00:22,23.44000053,58.88378906,996.6430664
2023-03-14 10:30:24,23.48999977,57.953125,997.3920288
2023-03-14 11:00:26,23.37000084,56.859375,998.2045288
2023-03-14 11:30:28,23.29000092,56.1484375,998.9324951
2023-03-14 12:00:30,23.34000015,55.46386719,999.2327271
2023-03-14 12:30:32,23.20000076,55.41308594,999.6001587
2023-03-14 13:00:34,22.57999992,42.47070313,999.7849121
2023-03-14 13:30:35,21.80999947,40.00683594,1000.052185
2023-03-14 14:00:37,21.30999947,35,1000.482788
2023-03-14 14:30:39,21.84000015,53.82324219,1000.45282
2023-03-14 15:00:40,22.38999939,53.13183594,1000.538757
2023-03-14 15:30:41,22.78000069,52.8046875,1000.806396
2023-03-14 16:00:43,23.11000061,52.65136719,1000.832031
2023-03-14 16:30:44,23.29000092,52.95605469,1000.869995
2023-03-14 17:00:46,23.47999954,53.30664063,1001.18866
2023-03-14 17:30:48,23.65999985,52.59082031,1001.605774
2023-03-14 18:00:50,23.76000023,52.88574219,1002.065369
2023-03-14 18:30:52,23.75,52.55566406,1002.556885
2023-03-14 19:00:54,23.04999924,40.76660156,1003.134521
2023-03-14 19:30:55,22,51.1875,1004.155518
2023-03-14 20:00:57,22.65999985,51.1953125,1003.988281
2023-03-14 20:30:59,22.90999985,51.21191406,1004.131775
2023-03-14 21:00:01,23.01000023,51.18945313,1004.525452
2023-03-14 21:30:03,23.20999908,51.42675781,1004.755127
2023-03-14 22:00:05,23.20999908,51.63183594,1005.182495
2023-03-14 22:30:06,23.39999962,52.40234375,1005.315918
2023-03-14 23:00:08,23.40999985,51.89257813,1005.525024
2023-03-14 23:30:10,23.30999947,52.14160156,1005.690186
2023-03-15 00:00:12,23.11000061,52.44726563,1005.998352
2023-03-15 00:30:14,23.19000053,52.49121094,1006.364502
2023-03-15 01:00:15,23.39999962,51.82324219,1006.733521
2023-03-15 01:30:17,23.37999916,51.80957031,1006.843506
2023-03-15 02:00:19,23.45999908,52.31835938,1007.326111
2023-03-15 02:30:19,23.54999924,53.14453125,1007.391418
2023-03-15 03:00:34,23.65999985,53.21386719,1007.468018
2023-03-15 03:30:36,23.79999924,52.57421875,1007.648438
2023-03-15 04:00:38,23.56999969,53.04589844,1007.915466
2023-03-15 04:30:40,23.48999977,54.12402344,1007.805298
2023-03-15 05:00:42,23.45999908,54.34570313,1007.847839
2023-03-15 05:30:44,23.23999977,55.35058594,1008.137634
2023-03-15 06:00:46,23.17000008,56.56347656,1008.286621
2023-03-15 06:30:47,23.15999985,56.52832031,1008.552917
2023-03-15 07:00:50,23.20000076,58.29785156,1008.648621
2023-03-15 07:30:51,23.22999954,57.88476563,1009.015076
2023-03-15 08:00:55,23.22999954,57.2734375,1008.814819
2023-03-15 08:30:56,23.12000084,57.51855469,1008.961182
2023-03-15 09:00:58,23.23999977,63.53613281,1008.836548
2023-03-15 09:30:00,23.03000069,61.41796875,1008.953125
2023-03-15 10:00:02,22.89999962,61.02734375,1009.065186
2023-03-15 10:30:04,22.95999908,60.80957031,1009.127686
2023-03-15 11:00:06,22.82999992,61.42382813,1009.121582
2023-03-15 11:30:07,22.88999939,59.95507813,1008.873779
2023-03-15 12:00:09,23.06999969,59.33300781,1008.697021
2023-03-15 12:30:11,23.22999954,58.74414063,1008.345947
2023-03-15 13:00:13,22.95999908,57.55566406,1008.102478
2023-03-15 13:30:15,23.01000023,58.13964844,1007.922974
2023-03-15 14:00:17,23.21999931,63.16113281,1007.358276
2023-03-15 14:30:19,23.79999924,61.54492188,1007.035217
2023-03-15 15:00:21,23.59000015,60.56738281,1006.951782
2023-03-15 15:30:22,23.76000023,59.60546875,1006.71344
2023-03-15 16:00:24,23.95000076,57.85253906,1006.424866
2023-03-15 16:30:26,24.07999992,57.63085938,1005.985596
2023-03-15 17:00:28,23.98999977,56.30371094,1005.728149
2023-03-15 17:30:30,24.13999939,55.72167969,1005.414673
2023-03-15 18:00:32,24.10000038,55.27539063,1005.225342
2023-03-15 18:30:34,23.89999962,54.99023438,1005.190491
2023-03-15 19:00:36,24.19000053,55.62792969,1004.851379
2023-03-15 19:30:38,24.04000092,55.7890625,1004.729614
2023-03-15 20:00:40,24.15999985,55.19140625,1004.211426
2023-03-15 20:30:42,24.13999939,55.15625,1004.074524
2023-03-15 21:00:44,24.20999908,54.63085938,1003.555786
2023-03-15 21:30:45,23.95999908,54.57714844,1003.106812
2023-03-15 22:00:47,24.15999985,54.35253906,1002.999695
2023-03-15 22:30:49,24.04999924,53.38574219,1002.664673
2023-03-15 23:00:51,24.01000023,52.87011719,1002.39209
2023-03-15 23:30:52,24.04999924,52.71679688,1002.11322
2023-03-16 00:00:56,23.62999916,51.10253906,1001.599548
2023-03-16 00:30:58,23.82999992,55.06054688,1001.246277
2023-03-16 01:00:00,24.06999969,54.55664063,1000.81366
2023-03-16 01:30:02,24.23999977,53.89648438,1000.178772
2023-03-16 02:00:04,24.23999977,53.8515625,999.7424927
2023-03-16 02:30:06,24.40999985,54.17675781,999.5769043
2023-03-16 03:00:08,24.52000046,54.28125,999.1001587
2023-03-16 03:30:09,24.54000092,54.3515625,998.9602051
2023-03-16 04:00:09,24.67000008,54.23144531,998.8861084
2023-03-16 04:30:11,24.53000069,54.65820313,998.6818848
2023-03-16 05:00:13,24.38999939,55.46875,998.2913818
2023-03-16 05:30:14,24.34000015,55.25878906,998.3079834
2023-03-16 06:00:16,24.20999908,56.15039063,998.3301392
2023-03-16 06:30:18,24.22999954,57.09472656,998.288269
2023-03-16 07:00:20,24.17000008,57.14355469,998.1565552
2023-03-16 07:30:22,24.14999962,57.74121094,997.899292
2023-03-16 08:00:24,24.17000008,57.40527344,998.1835327
2023-03-16 08:30:26,24.12000084,57.13671875,998.1810913
2023-03-16 09:00:28,24.05999947,57.49121094,998.0898438
2023-03-16 09:30:30,24.13999939,59.50878906,998.1062622
2023-03-16 10:00:31,24.11000061,58.67773438,998.1295166
2023-03-16 10:30:33,24.04000092,58.58984375,997.699707
2023-03-16 11:00:35,23.77000046,58.78125,997.4662476
2023-03-16 11:30:37,23.77000046,58.859375,997.2331543
2023-03-16 12:00:39,23.84000015,57.40820313,996.6870117
2023-03-16 12:30:41,23.82999992,56.8515625,996.5010376
2023-03-16 13:00:42,23.97999954,50.39160156,996.3479004
2023-03-16 13:30:44,24.26000023,49.3671875,996.1481934
2023-03-16 14:00:46,24.46999931,51.6640625,995.9009399
2023-03-16 14:30:48,24.55999947,53.45800781,995.9712524
2023-03-16 15:00:50,24.77000046,53.45996094,995.4937744
2023-03-16 15:30:52,24.86000061,53.3671875,995.3582153
2023-03-16 16:00:54,24.85000038,52.52539063,995.4551392
2023-03-16 16:30:58,24.93000031,52.81933594,995.1645508
2023-03-16 17:00:00,24.96999931,51.43554688,995.2400513
2023-03-16 17:30:02,24.95999908,52.12988281,995.0999756
2023-03-16 18:00:04,25.07999992,52.41601563,994.99646
2023-03-16 18:30:05,25.22999954,52.50195313,994.9724731
2023-03-16 19:00:07,25.13999939,51.78613281,994.9260864
2023-03-16 19:30:09,24.97999954,52.00683594,994.6931152
2023-03-16 20:00:11,24.71999931,52.44335938,994.6496582
2023-03-16 20:30:13,24.5,52.81347656,994.5247803
2023-03-16 21:00:15,24.28000069,53.17382813,994.6345825
2023-03-16 21:30:17,24.19000053,53.07324219,994.727478
2023-03-16 22:00:18,24.15999985,52.84277344,994.7959595
2023-03-16 22:30:20,23.96999931,53.00195313,994.8134155
2023-03-16 23:00:22,23.87999916,52.9921875,994.7391968
2023-03-16 23:30:24,23.86000061,52.94335938,994.741394
2023-03-17 00:00:25,23.82999992,53.07617188,994.795166
2023-03-17 00:30:27,23.75,53.52050781,994.9703369
2023-03-17 01:00:29,23.76000023,53.36328125,995.2393799
2023-03-17 01:30:31,23.68000031,53.55664063,995.1989136
2023-03-17 02:00:33,23.68000031,53.59082031,995.0829468
2023-03-17 02:30:35,23.57999992,53.77148438,994.8734131
2023-03-17 03:00:37,23.60000038,53.68359375,995.0396729
2023-03-17 03:30:39,23.48999977,53.91992188,994.6486206
2023-03-17 04:00:40,23.53000069,53.765625,994.6433105
2023-03-17 04:30:42,23.47999954,53.99804688,994.798584
2023-03-17 05:00:44,23.51000023,54.20507813,994.8401489
2023-03-17 05:30:46,23.37999916,56.046875,994.9806519
2023-03-17 06:00:47,23.57999992,55.34667969,994.9586182
2023-03-17 06:30:49,23.54000092,55.63769531,995.1746826
2023-03-17 07:00:51,23.61000061,55.58886719,995.1987305
2023-03-17 07:30:53,23.65999985,56.50097656,995.2495117
2023-03-17 08:00:55,23.68000031,56.43554688,995.2832642
2023-03-17 08:30:58,23.67000008,57.43066406,995.6365356
2023-03-17 09:01:00,23.77000046,59.26660156,995.600647
2023-03-17 09:30:01,24.04999924,58.82910156,995.5934448
2023-03-17 10:00:03,24.06999969,58.53613281,995.8311157
2023-03-17 10:30:06,23.82999992,58.99316406,995.8167114
2023-03-17 11:00:07,23.92000008,58.40234375,995.7846069
2023-03-17 11:30:09,23.97999954,56.84765625,995.7058105
2023-03-17 12:00:11,23.85000038,57.62402344,995.8416138
2023-03-17 12:30:13,23.78000069,57.23046875,995.756897
2023-03-17 13:00:14,23.59000015,55.49609375,995.4561768
2023-03-17 13:30:16,23.64999962,54.51660156,995.1989136
2023-03-17 14:00:18,23.79999924,54.67089844,994.9875488
2023-03-17 14:30:19,23.87000084,57.17285156,994.8108521
2023-03-17 15:00:21,23.79999924,53.7421875,994.7540894
2023-03-17 15:30:23,23.70000076,52.72070313,994.6459351
2023-03-17 16:00:25,23.68000031,50.09765625,994.7295532
2023-03-17 16:30:26,23.72999954,48.24121094,994.673584
2023-03-17 17:00:28,23.64999962,46.25585938,994.7549438
2023-03-17 17:30:30,23.61000061,44.76367188,995.0847168
2023-03-17 18:00:32,23.70999908,52.77832031,995.4804688
2023-03-17 18:30:33,23.87000084,53.31738281,995.7131348
2023-03-17 19:00:35,24.23999977,53.46484375,995.8479004
2023-03-17 19:30:37,24.60000038,53.24707031,995.7633057
2023-03-17 20:00:39,24.47999954,53.20996094,995.8022461
2023-03-17 20:30:41,24.64999962,52.79785156,996.0114136
2023-03-17 21:00:43,24.80999947,52.38476563,996.2374878
2023-03-17 21:30:45,24.87999916,52.1875,996.2904663
2023-03-17 22:00:47,25.01000023,51.58886719,996.2468872
2023-03-17 22:30:49,25.07999992,51.37988281,996.109375
2023-03-17 23:00:50,25.19000053,51.29003906,996.3104858
2023-03-17 23:30:51,25.20000076,51.28125,996.3137207
2023-03-18 00:00:52,25.31999969,51.46484375,996.3309937
2023-03-18 00:30:52,25.07999992,51.62011719,996.4279175
2023-03-18 01:00:54,25.19000053,51.88183594,996.3978882
2023-03-18 01:30:55,25.37999916,51.67578125,996.2878418
2023-03-18 02:00:55,25.51000023,51.29394531,996.1793823
2023-03-18 02:30:57,25.57999992,51.10742188,996.0001831
2023-03-18 03:01:00,25.73999977,51.78515625,996.0431519
2023-03-18 03:30:02,25.87999916,52.62304688,996.1234131
2023-03-18 04:00:04,25.78000069,53.59179688,996.1800537
2023-03-18 04:30:06,25.59000015,54.1953125,996.2995605
2023-03-18 05:00:07,25.59000015,54.53710938,996.2973633
2023-03-18 05:30:09,25.60000038,56.07421875,996.1818848
2023-03-18 06:00:11,25.54999924,56.81835938,996.1498413
2023-03-18 06:30:13,25.54000092,57.47753906,996.4777222
2023-03-18 07:00:15,25.5,58.92675781,996.8786011
2023-03-18 07:30:17,25.53000069,59.46386719,997.0784302
2023-03-18 08:00:19,25.54000092,59.875,997.0259399
2023-03-18 08:30:21,25.64999962,60.15234375,997.1571045
2023-03-18 09:00:22,25.70999908,59.56933594,997.2557983
2023-03-18 09:30:24,25.75,59.66503906,997.3031006
2023-03-18 10:00:26,25.68000031,59.74609375,997.3399048
2023-03-18 10:30:28,25.54000092,60.59082031,997.4846802
2023-03-18 11:00:29,25.75,60.00683594,997.6157837
2023-03-18 11:30:31,25.71999931,60.08007813,997.6799927
2023-03-18 12:00:33,25.59000015,59.56445313,997.748291
2023-03-18 12:30:35,25.54999924,59.37695313,997.8897095
2023-03-18 13:00:37,26.06999969,64.82421875,997.977356
2023-03-18 13:30:38,26.11000061,60.39453125,998.031189
2023-03-18 14:00:40,25.89999962,63.03808594,998.0379639
2023-03-18 14:30:42,25.62000084,59.18066406,997.946228
2023-03-18 15:00:43,25.45000076,48.22070313,997.8577881
2023-03-18 15:30:45,25.47999954,45.56542969,997.7625122
2023-03-18 16:00:47,25.45000076,44.39941406,997.84375
2023-03-18 16:30:49,25.42000008,43.66503906,997.9324951
2023-03-18 17:00:51,25.44000053,47.83203125,998.2434082
2023-03-18 17:30:53,25.35000038,43.80761719,998.4833374
2023-03-18 18:00:54,25.22999954,42.54003906,998.8446655
2023-03-18 18:30:56,25.40999985,51.59960938,999.1918945
2023-03-18 19:01:01,25.38999939,52.0078125,999.4216919
2023-03-18 19:30:03,25.23999977,48.30078125,999.7045288
2023-03-18 20:00:05,25.18000031,47.55371094,1000.11792
2023-03-18 20:30:07,25.18000031,46.72167969,1000.50531
2023-03-18 21:00:09,24.44000053,46.73535156,1000.597961
2023-03-18 21:30:10,24.65999985,46.78125,1000.980957
2023-03-18 22:00:11,24.76000023,44.2734375,1000.996033
2023-03-18 22:30:12,24.82999992,45.20410156,1001.036865
2023-03-18 23:00:13,24.77000046,44.32128906,1001.056335
2023-03-18 23:30:15,24.80999947,44.31347656,1001.432678
2023-03-19 00:00:17,24.5,42.18554688,1002.215454
2023-03-19 00:30:18,23.90999985,42.0390625,1002.855286
2023-03-19 01:00:19,23.61000061,41.24902344,1002.755798
2023-03-19 01:30:20,23.28000069,43.75390625,1003.324524
2023-03-19 02:00:22,23.27000046,44.96777344,1003.449829
2023-03-19 02:30:24,22.95999908,45.71972656,1003.386414
2023-03-19 03:00:26,22.70999908,45.88769531,1003.553284
2023-03-19 03:30:28,22.32999992,46.04003906,1003.991699
2023-03-19 04:00:30,22.26000023,45.94335938,1004.392334
2023-03-19 04:30:31,22.05999947,46.39746094,1004.716797
2023-03-19 05:00:33,21.79999924,45.3515625,1005.005615
2023-03-19 05:30:35,21.34000015,45.04589844,1005.298218
2023-03-19 06:00:37,21.18000031,45.08496094,1005.66095
2023-03-19 06:30:38,21.18000031,45.23242188,1006.058838
2023-03-19 07:00:39,21.01000023,44.75292969,1006.468384
2023-03-19 07:30:41,20.87000084,45.15722656,1006.985229
2023-03-19 08:00:43,20.71999931,46.08984375,1007.143616
2023-03-19 08:30:45,20.62999916,47.45605469,1007.407166
2023-03-19 09:00:47,20.40999985,47.97363281,1007.782471
2023-03-19 09:30:48,20.12999916,46.20898438,1008.186401
2023-03-19 10:00:50,19.90999985,44.68652344,1008.477783
2023-03-19 10:30:52,19.75,43.05859375,1008.557556
2023-03-19 11:00:54,19.62000084,46.37011719,1008.556396
2023-03-19 11:30:56,19.94000053,46.2109375,1008.682983
2023-03-19 12:01:01,21.18000031,68.45703125,1008.983826
2023-03-19 12:30:03,21.75,61.65917969,1008.877441
2023-03-19 13:00:06,21.76000023,57.68359375,1008.795288
2023-03-19 13:30:08,21.69000053,55.87011719,1008.835754
2023-03-19 14:00:10,21.65999985,56.17089844,1008.956543
2023-03-19 14:30:10,21.67000008,56.09179688,1009.108154
2023-03-19 15:00:11,22.11000061,55.25585938,1009.403503
2023-03-19 15:30:13,22.5,54.03710938,1009.151123
2023-03-19 16:00:15,22.84000015,53.42285156,1009.189453
2023-03-19 16:30:17,23.09000015,52.61523438,1009.436707
2023-03-19 17:00:19,23.22999954,54.3984375,1009.664856
2023-03-19 17:30:21,23.45999908,53.984375,1009.799866
2023-03-19 18:00:22,23.61000061,52.44921875,1009.995483
2023-03-19 18:30:24,23.81999969,54.24316406,1009.831238
2023-03-19 19:00:26,23.94000053,53.57714844,1009.667053
2023-03-19 19:30:28,24.03000069,55.6640625,1010.03717
2023-03-19 20:00:30,24.21999931,53.30371094,1010.141174
2023-03-19 20:30:32,24.34000015,52.95410156,1009.838135
2023-03-19 21:00:33,24.44000053,52.72753906,1010.119141
2023-03-19 21:30:34,24.62999916,52.3984375,1010.276123
2023-03-19 22:00:36,24.78000069,52.08496094,1010.198914
2023-03-19 22:30:37,24.75,52.28710938,1010.066162
2023-03-19 23:00:39,24.79999924,52.11035156,1009.964233
2023-03-19 23:30:41,24.85000038,51.76367188,1009.841064
2023-03-20 00:00:43,24.93000031,53.09179688,1009.947815
2023-03-20 00:30:44,25.04999924,52.21875,1009.710876
2023-03-20 01:00:46,25.13999939,52.11621094,1009.593933
2023-03-20 01:30:48,25.21999931,51.703125,1009.466248
2023-03-20 02:00:50,25.29999924,52.72753906,1009.133118
2023-03-20 02:30:52,25.65999985,53.38378906,1008.822083
2023-03-20 03:00:54,25.64999962,53.89550781,1008.426697
2023-03-20 03:30:56,25.32999992,55.20996094,1008.262634
2023-03-20 04:00:58,25.40999985,56.32324219,1008.075928
2023-03-20 04:30:59,25.27000046,57.21484375,1008.023132
2023-03-20 05:00:03,25.14999962,57.41601563,1007.747681
2023-03-20 05:30:05,25.20000076,58.33203125,1007.644226
2023-03-20 06:00:07,25.14999962,58.74511719,1007.816406
2023-03-20 06:30:09,25.14999962,58.30175781,1007.587952
2023-03-20 07:00:11,25.04999924,58.25488281,1007.903137
2023-03-20 07:30:13,25.04999924,59.47070313,1007.961853
2023-03-20 08:00:14,25.06999969,59.91503906,1007.847961
2023-03-20 08:30:16,25.13999939,59.77636719,1008.087097
2023-03-20 09:00:18,25.04999924,63.92871094,1008.120911
2023-03-20 09:30:20,25.23999977,63.4453125,1008.197632
2023-03-20 10:00:22,25.12999916,62.05566406,1008.276245
2023-03-20 10:30:23,24.96999931,61.43359375,1008.244873
2023-03-20 11:00:25,25.04000092,59.74121094,1008.253662
2023-03-20 11:30:27,24.82999992,59.31542969,1008.043884
2023-03-20 12:00:29,25.18000031,59.50976563,1007.88092
2023-03-20 12:30:31,24.53000069,51.30664063,1007.890625
2023-03-20 13:00:33,23.65999985,51.62792969,1007.680176
2023-03-20 13:30:35,22.81999969,50.68164063,1007.429199
2023-03-20 14:00:36,22.55999947,50.14160156,1007.252991
2023-03-20 14:30:38,22.31999969,50.375,1007.195923
2023-03-20 15:00:40,22.01000023,50.40917969,1006.972839
2023-03-20 15:30:42,21.71999931,50.68066406,1006.991394
2023-03-20 16:00:44,21.54999924,50.31054688,1006.843445
2023-03-20 16:30:46,21.51000023,51.05175781,1006.690002
2023-03-20 17:00:47,21.20000076,50.64355469,1006.564087
2023-03-20 17:30:50,21.04999924,52.38574219,1006.552246
2023-03-20 18:00:51,20.79999924,52.95410156,1006.629822
2023-03-20 18:30:53,20.44000053,50.625,1006.61377
2023-03-20 19:00:55,20.12000084,50.87109375,1006.652283
2023-03-20 19:30:57,20.77000046,50.65136719,1006.561768
2023-03-20 20:00:58,21.17000008,48.94726563,1006.391846
2023-03-20 20:31:00,21.40999985,49.22363281,1006.200134
2023-03-20 21:00:04,21.52000046,48.88476563,1005.862976
2023-03-20 21:30:06,22.28000069,50.41601563,1005.823303
2023-03-20 22:00:06,22.02000046,48.99609375,1005.631165
2023-03-20 22:30:08,22.95999908,55.3828125,1005.40564
2023-03-20 23:00:10,22.29999924,50.53125,1005.221436
2023-03-20 23:30:11,21.95000076,47.45019531,1004.773926
2023-03-21 00:00:13,21.84000015,47.87890625,1004.266541
2023-03-21 00:30:15,21.72999954,47.67480469,1003.991089
2023-03-21 01:00:17,21.70999908,47.81933594,1003.615479
2023-03-21 01:30:18,22.43000031,51.74511719,1003.364502
2023-03-21 02:00:19,22.37999916,51.04980469,1002.900757
2023-03-21 02:30:20,22.37999916,51.86328125,1002.420959
2023-03-21 03:00:21,22.37000084,52.48535156,1002.095642
2023-03-21 03:30:22,22.36000061,52.62988281,1001.743774
2023-03-21 04:00:23,22.37999916,53.57226563,1001.399231
2023-03-21 04:30:24,22.35000038,54.16699219,1001.290161
2023-03-21 05:00:24,22.26000023,53.73828125,1000.917358
2023-03-21 05:30:26,22.27000046,54.23535156,1000.683594
2023-03-21 06:00:28,22.20999908,53.88867188,1000.644836
2023-03-21 06:30:30,22.14999962,53.79296875,1000.75592
2023-03-21 07:00:32,22.18000031,54.18066406,1000.439209
2023-03-21 07:30:33,22.10000038,54.31835938,1000.261963
2023-03-21 08:00:35,22.12000084,53.98046875,1000.41095
2023-03-21 08:30:37,22.39999962,64.13867188,1000.332947
2023-03-21 09:00:39,22.18000031,59.65527344,1000.10907
2023-03-21 09:30:41,21.97999954,55.12792969,1000.024902
2023-03-21 10:00:43,22.01000023,55.03027344,1000.084473
2023-03-21 10:30:45,22.03000069,54.29785156,999.5905762
2023-03-21 11:00:46,22.17000008,56.42675781,999.3646851
2023-03-21 11:30:48,22.28000069,56.19238281,999.1968994
2023-03-21 12:00:50,22.43000031,54.27929688,999.3859253
2023-03-21 12:30:52,22.36000061,52.24609375,999.2871704
2023-03-21 13:00:54,22.62000084,62.96484375,999.0412598
2023-03-21 13:30:56,22.40999985,51.67578125,998.7173462
2023-03-21 14:00:58,22.68000031,52.18261719,998.7901001
2023-03-21 14:31:00,22.87000084,50.39257813,998.7798462
2023-03-21 15:00:02,23.04000092,49.17578125,998.5109253
2023-03-21 15:30:04,23.12000084,48.93457031,998.5515747
2023-03-21 16:00:06,23.02000046,43.34179688,998.3793945
2023-03-21 16:30:07,23.19000053,45.42480469,998.2542114
2023-03-21 17:00:09,23.10000038,44.609375,998.1889038
2023-03-21 17:30:11,23.12000084,48.21972656,997.9540405
2023-03-21 18:00:13,23.37000084,46.88574219,998.0365601
2023-03-21 18:30:15,23.11000061,45.51953125,998.0934448
2023-03-21 19:00:17,23.19000053,47.00292969,997.9884644
2023-03-21 19:30:18,23.26000023,47.28222656,997.9226074
2023-03-21 20:00:20,23.29999924,47.24121094,997.6329956
2023-03-21 20:30:21,23.72999954,48.77441406,997.484375
2023-03-21 21:00:23,23.95000076,48.17285156,997.0222168
2023-03-21 21:30:25,23.72999954,48.53515625,996.6052856
2023-03-21 22:00:27,23.62000084,48.88769531,996.1688843
2023-03-21 22:30:28,23.73999977,48.62890625,995.6560669
2023-03-21 23:00:29,23.62000084,49.23925781,995.1869507
2023-03-21 23:30:30,23.62000084,52.42773438,994.7435913
